{"format": "layers-model", "generatedBy": "keras v2.4.0", "convertedBy": "TensorFlow.js Converter v2.3.0", "modelTopology": {"keras_version": "2.4.0", "backend": "tensorflow", "model_config": {"class_name": "Functional", "config": {"name": "functional_1", "layers": [{"class_name": "InputLayer", "config": {"batch_input_shape": [null, 128, 128, 3], "dtype": "float32", "sparse": false, "ragged": false, "name": "input_1"}, "name": "input_1", "inbound_nodes": []}, {"class_name": "Conv2D", "config": {"name": "conv2d", "trainable": true, "dtype": "float32", "filters": 32, "kernel_size": [3, 3], "strides": [2, 2], "padding": "valid", "data_format": "channels_last", "dilation_rate": [1, 1], "groups": 1, "activation": "linear", "use_bias": true, "kernel_initializer": {"class_name": "GlorotUniform", "config": {"seed": null}}, "bias_initializer": {"class_name": "Zeros", "config": {}}, "kernel_regularizer": null, "bias_regularizer": null, "activity_regularizer": null, "kernel_constraint": null, "bias_constraint": null}, "name": "conv2d", "inbound_nodes": [[["input_1", 0, 0, {}]]]}, {"class_name": "LeakyReLU", "config": {"name": "leaky_re_lu", "trainable": true, "dtype": "float32", "alpha": 0.30000001192092896}, "name": "leaky_re_lu", "inbound_nodes": [[["conv2d", 0, 0, {}]]]}, {"class_name": "Conv2D", "config": {"name": "conv2d_1", "trainable": true, "dtype": "float32", "filters": 64, "kernel_size": [3, 3], "strides": [2, 2], "padding": "valid", "data_format": "channels_last", "dilation_rate": [1, 1], "groups": 1, "activation": "linear", "use_bias": true, "kernel_initializer": {"class_name": "GlorotUniform", "config": {"seed": null}}, "bias_initializer": {"class_name": "Zeros", "config": {}}, "kernel_regularizer": null, "bias_regularizer": null, "activity_regularizer": null, "kernel_constraint": null, "bias_constraint": null}, "name": "conv2d_1", "inbound_nodes": [[["leaky_re_lu", 0, 0, {}]]]}, {"class_name": "LeakyReLU", "config": {"name": "leaky_re_lu_1", "trainable": true, "dtype": "float32", "alpha": 0.30000001192092896}, "name": "leaky_re_lu_1", "inbound_nodes": [[["conv2d_1", 0, 0, {}]]]}, {"class_name": "Conv2D", "config": {"name": "conv2d_2", "trainable": true, "dtype": "float32", "filters": 64, "kernel_size": [3, 3], "strides": [2, 2], "padding": "valid", "data_format": "channels_last", "dilation_rate": [1, 1], "groups": 1, "activation": "linear", "use_bias": true, "kernel_initializer": {"class_name": "GlorotUniform", "config": {"seed": null}}, "bias_initializer": {"class_name": "Zeros", "config": {}}, "kernel_regularizer": null, "bias_regularizer": null, "activity_regularizer": null, "kernel_constraint": null, "bias_constraint": null}, "name": "conv2d_2", "inbound_nodes": [[["leaky_re_lu_1", 0, 0, {}]]]}, {"class_name": "LeakyReLU", "config": {"name": "leaky_re_lu_2", "trainable": true, "dtype": "float32", "alpha": 0.30000001192092896}, "name": "leaky_re_lu_2", "inbound_nodes": [[["conv2d_2", 0, 0, {}]]]}, {"class_name": "Conv2D", "config": {"name": "conv2d_3", "trainable": true, "dtype": "float32", "filters": 64, "kernel_size": [3, 3], "strides": [2, 2], "padding": "valid", "data_format": "channels_last", "dilation_rate": [1, 1], "groups": 1, "activation": "linear", "use_bias": true, "kernel_initializer": {"class_name": "GlorotUniform", "config": {"seed": null}}, "bias_initializer": {"class_name": "Zeros", "config": {}}, "kernel_regularizer": null, "bias_regularizer": null, "activity_regularizer": null, "kernel_constraint": null, "bias_constraint": null}, "name": "conv2d_3", "inbound_nodes": [[["leaky_re_lu_2", 0, 0, {}]]]}, {"class_name": "LeakyReLU", "config": {"name": "leaky_re_lu_3", "trainable": true, "dtype": "float32", "alpha": 0.30000001192092896}, "name": "leaky_re_lu_3", "inbound_nodes": [[["conv2d_3", 0, 0, {}]]]}, {"class_name": "Conv2D", "config": {"name": "conv2d_4", "trainable": true, "dtype": "float32", "filters": 64, "kernel_size": [3, 3], "strides": [2, 2], "padding": "valid", "data_format": "channels_last", "dilation_rate": [1, 1], "groups": 1, "activation": "linear", "use_bias": true, "kernel_initializer": {"class_name": "GlorotUniform", "config": {"seed": null}}, "bias_initializer": {"class_name": "Zeros", "config": {}}, "kernel_regularizer": null, "bias_regularizer": null, "activity_regularizer": null, "kernel_constraint": null, "bias_constraint": null}, "name": "conv2d_4", "inbound_nodes": [[["leaky_re_lu_3", 0, 0, {}]]]}, {"class_name": "LeakyReLU", "config": {"name": "leaky_re_lu_4", "trainable": true, "dtype": "float32", "alpha": 0.30000001192092896}, "name": "leaky_re_lu_4", "inbound_nodes": [[["conv2d_4", 0, 0, {}]]]}, {"class_name": "Conv2D", "config": {"name": "conv2d_5", "trainable": true, "dtype": "float32", "filters": 64, "kernel_size": [3, 3], "strides": [1, 1], "padding": "valid", "data_format": "channels_last", "dilation_rate": [1, 1], "groups": 1, "activation": "linear", "use_bias": true, "kernel_initializer": {"class_name": "GlorotUniform", "config": {"seed": null}}, "bias_initializer": {"class_name": "Zeros", "config": {}}, "kernel_regularizer": null, "bias_regularizer": null, "activity_regularizer": null, "kernel_constraint": null, "bias_constraint": null}, "name": "conv2d_5", "inbound_nodes": [[["leaky_re_lu_4", 0, 0, {}]]]}, {"class_name": "LeakyReLU", "config": {"name": "leaky_re_lu_5", "trainable": true, "dtype": "float32", "alpha": 0.30000001192092896}, "name": "leaky_re_lu_5", "inbound_nodes": [[["conv2d_5", 0, 0, {}]]]}, {"class_name": "Flatten", "config": {"name": "flatten", "trainable": true, "dtype": "float32", "data_format": "channels_last"}, "name": "flatten", "inbound_nodes": [[["leaky_re_lu_5", 0, 0, {}]]]}, {"class_name": "Dense", "config": {"name": "dense_1", "trainable": true, "dtype": "float32", "units": 200, "activation": "relu", "use_bias": true, "kernel_initializer": {"class_name": "GlorotUniform", "config": {"seed": null}}, "bias_initializer": {"class_name": "Zeros", "config": {}}, "kernel_regularizer": null, "bias_regularizer": null, "activity_regularizer": null, "kernel_constraint": null, "bias_constraint": null}, "name": "dense_1", "inbound_nodes": [[["flatten", 0, 0, {}]]]}, {"class_name": "Subtract", "config": {"name": "subtract", "trainable": true, "dtype": "float32"}, "name": "subtract", "inbound_nodes": [[["dense_1", 0, 0, {}], ["dense_1", 0, 0, {}]]]}, {"class_name": "GaussianNoise", "config": {"name": "gaussian_noise", "trainable": true, "dtype": "float32", "stddev": 1}, "name": "gaussian_noise", "inbound_nodes": [[["subtract", 0, 0, {}]]]}, {"class_name": "Dense", "config": {"name": "dense", "trainable": true, "dtype": "float32", "units": 200, "activation": "relu", "use_bias": true, "kernel_initializer": {"class_name": "GlorotUniform", "config": {"seed": null}}, "bias_initializer": {"class_name": "Zeros", "config": {}}, "kernel_regularizer": null, "bias_regularizer": null, "activity_regularizer": null, "kernel_constraint": null, "bias_constraint": null}, "name": "dense", "inbound_nodes": [[["flatten", 0, 0, {}]]]}, {"class_name": "Multiply", "config": {"name": "multiply", "trainable": true, "dtype": "float32"}, "name": "multiply", "inbound_nodes": [[["dense_1", 0, 0, {}], ["gaussian_noise", 0, 0, {}]]]}, {"class_name": "Add", "config": {"name": "add", "trainable": true, "dtype": "float32"}, "name": "add", "inbound_nodes": [[["dense", 0, 0, {}], ["multiply", 0, 0, {}]]]}], "input_layers": [["input_1", 0, 0]], "output_layers": [["add", 0, 0]]}}, "training_config": {"loss": "vae_loss", "metrics": ["accuracy", "kullback_leibler_divergence", "binary_crossentropy"], "weighted_metrics": null, "loss_weights": null, "optimizer_config": {"class_name": "Adam", "config": {"name": "Adam", "learning_rate": 0.001, "decay": 0.0, "beta_1": 0.9, "beta_2": 0.999, "epsilon": 1e-07, "amsgrad": false}}}}, "weightsManifest": [{"paths": ["group1-shard1of1.bin"], "weights": [{"name": "conv2d/kernel", "shape": [3, 3, 3, 32], "dtype": "float32"}, {"name": "conv2d/bias", "shape": [32], "dtype": "float32"}, {"name": "conv2d_1/kernel", "shape": [3, 3, 32, 64], "dtype": "float32"}, {"name": "conv2d_1/bias", "shape": [64], "dtype": "float32"}, {"name": "conv2d_2/kernel", "shape": [3, 3, 64, 64], "dtype": "float32"}, {"name": "conv2d_2/bias", "shape": [64], "dtype": "float32"}, {"name": "conv2d_3/kernel", "shape": [3, 3, 64, 64], "dtype": "float32"}, {"name": "conv2d_3/bias", "shape": [64], "dtype": "float32"}, {"name": "conv2d_4/kernel", "shape": [3, 3, 64, 64], "dtype": "float32"}, {"name": "conv2d_4/bias", "shape": [64], "dtype": "float32"}, {"name": "conv2d_5/kernel", "shape": [3, 3, 64, 64], "dtype": "float32"}, {"name": "conv2d_5/bias", "shape": [64], "dtype": "float32"}, {"name": "dense/kernel", "shape": [64, 200], "dtype": "float32"}, {"name": "dense/bias", "shape": [200], "dtype": "float32"}, {"name": "dense_1/kernel", "shape": [64, 200], "dtype": "float32"}, {"name": "dense_1/bias", "shape": [200], "dtype": "float32"}]}]}