{"format": "layers-model", "generatedBy": "keras v2.4.0", "convertedBy": "TensorFlow.js Converter v2.3.0", "modelTopology": {"keras_version": "2.4.0", "backend": "tensorflow", "model_config": {"class_name": "Functional", "config": {"name": "functional_5", "layers": [{"class_name": "InputLayer", "config": {"batch_input_shape": [null, 200], "dtype": "float32", "sparse": false, "ragged": false, "name": "input_3"}, "name": "input_3", "inbound_nodes": []}, {"class_name": "Dense", "config": {"name": "dense_3", "trainable": true, "dtype": "float32", "units": 4096, "activation": "linear", "use_bias": true, "kernel_initializer": {"class_name": "GlorotUniform", "config": {"seed": null}}, "bias_initializer": {"class_name": "Zeros", "config": {}}, "kernel_regularizer": null, "bias_regularizer": null, "activity_regularizer": null, "kernel_constraint": null, "bias_constraint": null}, "name": "dense_3", "inbound_nodes": [[["input_3", 0, 0, {}]]]}, {"class_name": "Reshape", "config": {"name": "reshape_1", "trainable": true, "dtype": "float32", "target_shape": [8, 8, 64]}, "name": "reshape_1", "inbound_nodes": [[["dense_3", 0, 0, {}]]]}, {"class_name": "Conv2DTranspose", "config": {"name": "conv2d_transpose_4", "trainable": true, "dtype": "float32", "filters": 64, "kernel_size": [3, 3], "strides": [2, 2], "padding": "same", "data_format": "channels_last", "dilation_rate": [1, 1], "groups": 1, "activation": "linear", "use_bias": true, "kernel_initializer": {"class_name": "GlorotUniform", "config": {"seed": null}}, "bias_initializer": {"class_name": "Zeros", "config": {}}, "kernel_regularizer": null, "bias_regularizer": null, "activity_regularizer": null, "kernel_constraint": null, "bias_constraint": null, "output_padding": null}, "name": "conv2d_transpose_4", "inbound_nodes": [[["reshape_1", 0, 0, {}]]]}, {"class_name": "LeakyReLU", "config": {"name": "leaky_re_lu_11", "trainable": true, "dtype": "float32", "alpha": 0.30000001192092896}, "name": "leaky_re_lu_11", "inbound_nodes": [[["conv2d_transpose_4", 0, 0, {}]]]}, {"class_name": "Conv2DTranspose", "config": {"name": "conv2d_transpose_5", "trainable": true, "dtype": "float32", "filters": 64, "kernel_size": [3, 3], "strides": [2, 2], "padding": "same", "data_format": "channels_last", "dilation_rate": [1, 1], "groups": 1, "activation": "linear", "use_bias": true, "kernel_initializer": {"class_name": "GlorotUniform", "config": {"seed": null}}, "bias_initializer": {"class_name": "Zeros", "config": {}}, "kernel_regularizer": null, "bias_regularizer": null, "activity_regularizer": null, "kernel_constraint": null, "bias_constraint": null, "output_padding": null}, "name": "conv2d_transpose_5", "inbound_nodes": [[["leaky_re_lu_11", 0, 0, {}]]]}, {"class_name": "LeakyReLU", "config": {"name": "leaky_re_lu_12", "trainable": true, "dtype": "float32", "alpha": 0.30000001192092896}, "name": "leaky_re_lu_12", "inbound_nodes": [[["conv2d_transpose_5", 0, 0, {}]]]}, {"class_name": "Conv2DTranspose", "config": {"name": "conv2d_transpose_6", "trainable": true, "dtype": "float32", "filters": 64, "kernel_size": [3, 3], "strides": [2, 2], "padding": "same", "data_format": "channels_last", "dilation_rate": [1, 1], "groups": 1, "activation": "linear", "use_bias": true, "kernel_initializer": {"class_name": "GlorotUniform", "config": {"seed": null}}, "bias_initializer": {"class_name": "Zeros", "config": {}}, "kernel_regularizer": null, "bias_regularizer": null, "activity_regularizer": null, "kernel_constraint": null, "bias_constraint": null, "output_padding": null}, "name": "conv2d_transpose_6", "inbound_nodes": [[["leaky_re_lu_12", 0, 0, {}]]]}, {"class_name": "LeakyReLU", "config": {"name": "leaky_re_lu_13", "trainable": true, "dtype": "float32", "alpha": 0.30000001192092896}, "name": "leaky_re_lu_13", "inbound_nodes": [[["conv2d_transpose_6", 0, 0, {}]]]}, {"class_name": "Conv2DTranspose", "config": {"name": "conv2d_transpose_7", "trainable": true, "dtype": "float32", "filters": 32, "kernel_size": [3, 3], "strides": [2, 2], "padding": "same", "data_format": "channels_last", "dilation_rate": [1, 1], "groups": 1, "activation": "linear", "use_bias": true, "kernel_initializer": {"class_name": "GlorotUniform", "config": {"seed": null}}, "bias_initializer": {"class_name": "Zeros", "config": {}}, "kernel_regularizer": null, "bias_regularizer": null, "activity_regularizer": null, "kernel_constraint": null, "bias_constraint": null, "output_padding": null}, "name": "conv2d_transpose_7", "inbound_nodes": [[["leaky_re_lu_13", 0, 0, {}]]]}, {"class_name": "LeakyReLU", "config": {"name": "leaky_re_lu_14", "trainable": true, "dtype": "float32", "alpha": 0.30000001192092896}, "name": "leaky_re_lu_14", "inbound_nodes": [[["conv2d_transpose_7", 0, 0, {}]]]}, {"class_name": "Conv2D", "config": {"name": "conv2d_7", "trainable": true, "dtype": "float32", "filters": 3, "kernel_size": [3, 3], "strides": [1, 1], "padding": "same", "data_format": "channels_last", "dilation_rate": [1, 1], "groups": 1, "activation": "linear", "use_bias": true, "kernel_initializer": {"class_name": "GlorotUniform", "config": {"seed": null}}, "bias_initializer": {"class_name": "Zeros", "config": {}}, "kernel_regularizer": null, "bias_regularizer": null, "activity_regularizer": null, "kernel_constraint": null, "bias_constraint": null}, "name": "conv2d_7", "inbound_nodes": [[["leaky_re_lu_14", 0, 0, {}]]]}, {"class_name": "LeakyReLU", "config": {"name": "leaky_re_lu_15", "trainable": true, "dtype": "float32", "alpha": 0.30000001192092896}, "name": "leaky_re_lu_15", "inbound_nodes": [[["conv2d_7", 0, 0, {}]]]}, {"class_name": "Activation", "config": {"name": "activation_1", "trainable": true, "dtype": "float32", "activation": "sigmoid"}, "name": "activation_1", "inbound_nodes": [[["leaky_re_lu_15", 0, 0, {}]]]}], "input_layers": [["input_3", 0, 0]], "output_layers": [["activation_1", 0, 0]]}}, "training_config": {"loss": "vae_loss", "metrics": ["accuracy", "kullback_leibler_divergence", "binary_crossentropy"], "weighted_metrics": null, "loss_weights": null, "optimizer_config": {"class_name": "Adam", "config": {"name": "Adam", "learning_rate": 0.001, "decay": 0.0, "beta_1": 0.9, "beta_2": 0.999, "epsilon": 1e-07, "amsgrad": false}}}}, "weightsManifest": [{"paths": ["group1-shard1of1.bin"], "weights": [{"name": "conv2d_7/kernel", "shape": [3, 3, 32, 3], "dtype": "float32"}, {"name": "conv2d_7/bias", "shape": [3], "dtype": "float32"}, {"name": "conv2d_transpose_4/kernel", "shape": [3, 3, 64, 64], "dtype": "float32"}, {"name": "conv2d_transpose_4/bias", "shape": [64], "dtype": "float32"}, {"name": "conv2d_transpose_5/kernel", "shape": [3, 3, 64, 64], "dtype": "float32"}, {"name": "conv2d_transpose_5/bias", "shape": [64], "dtype": "float32"}, {"name": "conv2d_transpose_6/kernel", "shape": [3, 3, 64, 64], "dtype": "float32"}, {"name": "conv2d_transpose_6/bias", "shape": [64], "dtype": "float32"}, {"name": "conv2d_transpose_7/kernel", "shape": [3, 3, 32, 64], "dtype": "float32"}, {"name": "conv2d_transpose_7/bias", "shape": [32], "dtype": "float32"}, {"name": "dense_3/kernel", "shape": [200, 4096], "dtype": "float32"}, {"name": "dense_3/bias", "shape": [4096], "dtype": "float32"}]}]}